,tradePL,positionPL,totalPL,total_ret,vol,Sharpe,skew,kurtosis,sortino
2022,106760.85938723758,-2880220.550079339,-2773459.6906921016,-0.027651518704117015,0.030833114827910218,-0.8985899387879487,0.23047481899200276,0.801264093446719,-1.4724793732935626
